dummy,dummy,crop,pastr
y1995,CAZ,614.3145345911003,0
y1995,CHA,1069.3257666769928,0
y1995,EUR,1977.7883943902334,0
y1995,IND,487.560066456394,0
y1995,JPN,1379.863883363536,0
y1995,LAM,686.4696076925546,0
y1995,MEA,123.00655461308484,0
y1995,NEU,498.143938565791,0
y1995,OAS,384.754272880355,0
y1995,REF,535.8795305109167,0
y1995,SSA,189.47692359356608,0
y1995,USA,1226.6696960437912,0
y2000,CAZ,669.7914456849259,0
y2000,CHA,1191.4182866209799,0
y2000,EUR,2223.2551959340835,0
y2000,IND,626.116400663548,0
y2000,JPN,1483.5179537436568,0
y2000,LAM,1037.482771001737,0
y2000,MEA,196.62014763887956,0
y2000,NEU,554.9590791479045,0
y2000,OAS,450.14010005691557,0
y2000,REF,651.4054329103532,0
y2000,SSA,229.21799359451376,0
y2000,USA,1395.6425387023626,0
y2005,CAZ,704.6790868512394,0
y2005,CHA,1274.8166769874126,0
y2005,EUR,2245.392529184603,0
y2005,IND,782.4949064337055,0
y2005,JPN,1455.7120046015275,0
y2005,LAM,1348.4000714045328,0
y2005,MEA,291.3545337442791,0
y2005,NEU,548.905982434944,0
y2005,OAS,536.3713859583734,0
y2005,REF,970.6316477466024,0
y2005,SSA,290.4397234515775,0
y2005,USA,1573.6603231868003,0
y2010,CAZ,656.7467330106799,0
y2010,CHA,1227.6957115710532,0
y2010,EUR,2108.8719100394155,0
y2010,IND,829.5054871984746,0
y2010,JPN,1347.6949934376582,0
y2010,LAM,1510.7898682397995,0
y2010,MEA,325.7282467667672,0
y2010,NEU,493.37668564097305,0
y2010,OAS,534.0051814025242,0
y2010,REF,1040.4361996224145,0
y2010,SSA,289.7852690178272,0
y2010,USA,1525.3066096725643,0
y2015,CAZ,482.06524215708924,0
y2015,CHA,908.4138020154672,0
y2015,EUR,1526.5481472426886,0
y2015,IND,643.5752319101987,0
y2015,JPN,977.7390025966697,0
y2015,LAM,1200.352771244016,0
y2015,MEA,260.5641265597288,0
y2015,NEU,349.9304688140572,0
y2015,OAS,403.99210576860696,0
y2015,REF,816.3227249811389,0
y2015,SSA,222.02839082244816,0
y2015,USA,1142.3174721108276,0
y2020,CAZ,314.35210310167093,0
y2020,CHA,600.720312496928,0
y2020,EUR,962.9539319207688,0
y2020,IND,441.9933000021224,0
y2020,JPN,631.3610749526903,0
y2020,LAM,836.6929312446927,0
y2020,MEA,183.4644351453946,0
y2020,NEU,216.27454624031532,0
y2020,OAS,273.13867563141076,0
y2020,REF,588.2654170622267,0
y2020,SSA,153.6229367535483,0
y2020,USA,756.4875171307451,0
y2025,CAZ,178.32781252018594,0
y2025,CHA,350.2860016270133,0
y2025,EUR,539.2417581840627,0
y2025,IND,269.99959324714854,0
y2025,JPN,354.0932409382033,0
y2025,LAM,511.7223933971125,0
y2025,MEA,113.36711175266521,0
y2025,NEU,117.39106763879312,0
y2025,OAS,164.24445836561836,0
y2025,REF,387.8192813815133,0
y2025,SSA,93.8855605752044,0
y2025,USA,438.7261413006361,0
y2030,CAZ,81.92319689722189,0
y2030,CHA,166.59875855965922,0
y2030,EUR,250.66922506344588,0
y2030,IND,131.66098642285118,0
y2030,JPN,160.07103822331092,0
y2030,LAM,250.16116741236505,0
y2030,MEA,55.16753970265998,0
y2030,NEU,52.331106493651816,0
y2030,OAS,78.5469809451088,0
y2030,REF,187.3731457008,0
y2030,SSA,43.66159659543932,0
y2030,USA,207.10682644172948,0
y2035,CAZ,22.860964350776484,0
y2035,CHA,49.41965427485687,0
y2035,EUR,78.62825077893613,0
y2035,IND,38.92241159195161,0
y2035,JPN,49.70995443095677,0
y2035,LAM,78.6350945696727,0
y2035,MEA,15.495924081128203,0
y2035,NEU,15.526839840592064,0
y2035,OAS,21.51791406488744,0
y2035,REF,47.212310730004944,0
y2035,SSA,11.018104342648414,0
y2035,USA,57.186234567317456,0
y2040,CAZ,0,0
y2040,CHA,0,0
y2040,EUR,0,0
y2040,IND,0,0
y2040,JPN,0,0
y2040,LAM,0,0
y2040,MEA,0,0
y2040,NEU,0,0
y2040,OAS,0,0
y2040,REF,0,0
y2040,SSA,0,0
y2040,USA,0,0
y2045,CAZ,0,0
y2045,CHA,0,0
y2045,EUR,0,0
y2045,IND,0,0
y2045,JPN,0,0
y2045,LAM,0,0
y2045,MEA,0,0
y2045,NEU,0,0
y2045,OAS,0,0
y2045,REF,0,0
y2045,SSA,0,0
y2045,USA,0,0
y2050,CAZ,0,0
y2050,CHA,0,0
y2050,EUR,0,0
y2050,IND,0,0
y2050,JPN,0,0
y2050,LAM,0,0
y2050,MEA,0,0
y2050,NEU,0,0
y2050,OAS,0,0
y2050,REF,0,0
y2050,SSA,0,0
y2050,USA,0,0
y2055,CAZ,0,0
y2055,CHA,0,0
y2055,EUR,0,0
y2055,IND,0,0
y2055,JPN,0,0
y2055,LAM,0,0
y2055,MEA,0,0
y2055,NEU,0,0
y2055,OAS,0,0
y2055,REF,0,0
y2055,SSA,0,0
y2055,USA,0,0
y2060,CAZ,0,0
y2060,CHA,0,0
y2060,EUR,0,0
y2060,IND,0,0
y2060,JPN,0,0
y2060,LAM,0,0
y2060,MEA,0,0
y2060,NEU,0,0
y2060,OAS,0,0
y2060,REF,0,0
y2060,SSA,0,0
y2060,USA,0,0
y2065,CAZ,0,0
y2065,CHA,0,0
y2065,EUR,0,0
y2065,IND,0,0
y2065,JPN,0,0
y2065,LAM,0,0
y2065,MEA,0,0
y2065,NEU,0,0
y2065,OAS,0,0
y2065,REF,0,0
y2065,SSA,0,0
y2065,USA,0,0
y2070,CAZ,0,0
y2070,CHA,0,0
y2070,EUR,0,0
y2070,IND,0,0
y2070,JPN,0,0
y2070,LAM,0,0
y2070,MEA,0,0
y2070,NEU,0,0
y2070,OAS,0,0
y2070,REF,0,0
y2070,SSA,0,0
y2070,USA,0,0
y2075,CAZ,0,0
y2075,CHA,0,0
y2075,EUR,0,0
y2075,IND,0,0
y2075,JPN,0,0
y2075,LAM,0,0
y2075,MEA,0,0
y2075,NEU,0,0
y2075,OAS,0,0
y2075,REF,0,0
y2075,SSA,0,0
y2075,USA,0,0
y2080,CAZ,0,0
y2080,CHA,0,0
y2080,EUR,0,0
y2080,IND,0,0
y2080,JPN,0,0
y2080,LAM,0,0
y2080,MEA,0,0
y2080,NEU,0,0
y2080,OAS,0,0
y2080,REF,0,0
y2080,SSA,0,0
y2080,USA,0,0
y2085,CAZ,0,0
y2085,CHA,0,0
y2085,EUR,0,0
y2085,IND,0,0
y2085,JPN,0,0
y2085,LAM,0,0
y2085,MEA,0,0
y2085,NEU,0,0
y2085,OAS,0,0
y2085,REF,0,0
y2085,SSA,0,0
y2085,USA,0,0
y2090,CAZ,0,0
y2090,CHA,0,0
y2090,EUR,0,0
y2090,IND,0,0
y2090,JPN,0,0
y2090,LAM,0,0
y2090,MEA,0,0
y2090,NEU,0,0
y2090,OAS,0,0
y2090,REF,0,0
y2090,SSA,0,0
y2090,USA,0,0
y2095,CAZ,0,0
y2095,CHA,0,0
y2095,EUR,0,0
y2095,IND,0,0
y2095,JPN,0,0
y2095,LAM,0,0
y2095,MEA,0,0
y2095,NEU,0,0
y2095,OAS,0,0
y2095,REF,0,0
y2095,SSA,0,0
y2095,USA,0,0
y2100,CAZ,0,0
y2100,CHA,0,0
y2100,EUR,0,0
y2100,IND,0,0
y2100,JPN,0,0
y2100,LAM,0,0
y2100,MEA,0,0
y2100,NEU,0,0
y2100,OAS,0,0
y2100,REF,0,0
y2100,SSA,0,0
y2100,USA,0,0
y2105,CAZ,0,0
y2105,CHA,0,0
y2105,EUR,0,0
y2105,IND,0,0
y2105,JPN,0,0
y2105,LAM,0,0
y2105,MEA,0,0
y2105,NEU,0,0
y2105,OAS,0,0
y2105,REF,0,0
y2105,SSA,0,0
y2105,USA,0,0
y2110,CAZ,0,0
y2110,CHA,0,0
y2110,EUR,0,0
y2110,IND,0,0
y2110,JPN,0,0
y2110,LAM,0,0
y2110,MEA,0,0
y2110,NEU,0,0
y2110,OAS,0,0
y2110,REF,0,0
y2110,SSA,0,0
y2110,USA,0,0
y2115,CAZ,0,0
y2115,CHA,0,0
y2115,EUR,0,0
y2115,IND,0,0
y2115,JPN,0,0
y2115,LAM,0,0
y2115,MEA,0,0
y2115,NEU,0,0
y2115,OAS,0,0
y2115,REF,0,0
y2115,SSA,0,0
y2115,USA,0,0
y2120,CAZ,0,0
y2120,CHA,0,0
y2120,EUR,0,0
y2120,IND,0,0
y2120,JPN,0,0
y2120,LAM,0,0
y2120,MEA,0,0
y2120,NEU,0,0
y2120,OAS,0,0
y2120,REF,0,0
y2120,SSA,0,0
y2120,USA,0,0
y2125,CAZ,0,0
y2125,CHA,0,0
y2125,EUR,0,0
y2125,IND,0,0
y2125,JPN,0,0
y2125,LAM,0,0
y2125,MEA,0,0
y2125,NEU,0,0
y2125,OAS,0,0
y2125,REF,0,0
y2125,SSA,0,0
y2125,USA,0,0
y2130,CAZ,0,0
y2130,CHA,0,0
y2130,EUR,0,0
y2130,IND,0,0
y2130,JPN,0,0
y2130,LAM,0,0
y2130,MEA,0,0
y2130,NEU,0,0
y2130,OAS,0,0
y2130,REF,0,0
y2130,SSA,0,0
y2130,USA,0,0
y2135,CAZ,0,0
y2135,CHA,0,0
y2135,EUR,0,0
y2135,IND,0,0
y2135,JPN,0,0
y2135,LAM,0,0
y2135,MEA,0,0
y2135,NEU,0,0
y2135,OAS,0,0
y2135,REF,0,0
y2135,SSA,0,0
y2135,USA,0,0
y2140,CAZ,0,0
y2140,CHA,0,0
y2140,EUR,0,0
y2140,IND,0,0
y2140,JPN,0,0
y2140,LAM,0,0
y2140,MEA,0,0
y2140,NEU,0,0
y2140,OAS,0,0
y2140,REF,0,0
y2140,SSA,0,0
y2140,USA,0,0
y2145,CAZ,0,0
y2145,CHA,0,0
y2145,EUR,0,0
y2145,IND,0,0
y2145,JPN,0,0
y2145,LAM,0,0
y2145,MEA,0,0
y2145,NEU,0,0
y2145,OAS,0,0
y2145,REF,0,0
y2145,SSA,0,0
y2145,USA,0,0
y2150,CAZ,0,0
y2150,CHA,0,0
y2150,EUR,0,0
y2150,IND,0,0
y2150,JPN,0,0
y2150,LAM,0,0
y2150,MEA,0,0
y2150,NEU,0,0
y2150,OAS,0,0
y2150,REF,0,0
y2150,SSA,0,0
y2150,USA,0,0
